id2,num_of_reviews
d8286886,1.0
d13202032,
d7124128,2.0
d12032989,2.0
d10088997,1.0
d12644341,4.0
d12204689,14.0
d4802788,
d12530776,9.0
d753088,1.0
d12953643,1.0
d1114749,1.0
d11804444,2.0
d5244329,
d13326576,14.0
d11992842,2.0
d11670765,1.0
d12654166,3.0
d7287872,5.0
d8364955,1.0
d6354125,
d7123259,1.0
d7297021,1.0
d12811941,1.0
d12362395,
d12454145,3.0
d8530002,1.0
d13224191,10.0
d12151343,
d13078737,
d12145892,4.0
d12662018,
d11650889,
d12516807,1.0
d4769786,4.0
d7701632,1.0
d7123376,1.0
d12437853,1.0
d12079826,8.0
d12434687,3.0
d12598927,29.0
d1320175,1.0
d10755939,1.0
d11952841,1.0
d13167715,6.0
d5506579,2.0
d8802169,1.0
d5262443,1.0
d10138414,
d5521656,1.0
d5519325,
d10054994,1.0
d5792596,
d12395867,2.0
d7124372,1.0
d5795667,
d5513738,3.0
d12611067,
d7234492,1.0
d13223254,5.0
d10375857,1.0
d10517399,
d10521562,1.0
d10483786,1.0
d8857538,1.0
d7194365,
d12998030,4.0
d12224017,1.0
d13168228,4.0
d12988669,48.0
d815943,2.0
d5872661,
d9743120,
d5122301,2.0
d11737024,2.0
d6404771,1.0
d986295,1.0
d12119212,4.0
d7124461,
d13144667,6.0
d7953648,10.0
d4107727,2.0
d717315,2.0
d8339185,1.0
d10075998,3.0
d13326457,2.0
d13001248,53.0
d9791243,
d4925466,4.0
d12550266,3.0
d8003101,1.0
d7714708,1.0
d9809531,3.0
d12510178,1.0
d13150803,
d5794686,3.0
d4973227,1.0
d11649922,7.0
d12049182,4.0
d13205852,106.0
d8436649,1.0
d11735169,6.0
d11824935,
d12999736,19.0
d5794487,4.0
d13171395,6.0
d11905348,1.0
d6364123,1.0
d2618137,2.0
d5776462,
d4272054,1.0
d12194116,8.0
d5889207,2.0
d6366359,1.0
d12880824,3.0
d8448633,1.0
d11702322,2.0
d6529285,
d13328807,4.0
d13220849,1.0
d8644712,
d8124590,2.0
d12874859,
d1044643,1.0
d10467114,4.0
d12627228,1.0
d7123818,1.0
d5864074,2.0
d4942699,1.0
d10027603,1.0
d7303419,2.0
d997707,1.0
d13172244,10.0
d10276045,4.0
d12658748,
d6612529,1.0
d12106062,
d13138968,
d10140450,1.0
d13298310,9.0
d12277428,2.0
d12954707,6.0
d1739079,1.0
d4769119,1.0
d13125004,
d5491214,1.0
d12896074,4.0
d7953641,2.0
d5798049,
d5814521,2.0
d8339928,3.0
d7002384,1.0
d5489774,1.0
d7124138,39.0
d3213742,1.0
d7277848,2.0
d5767984,1.0
d5616673,
d4185368,1.0
d12860798,1.0
d13010552,14.0
d8339926,
d13292592,1.0
d11918250,3.0
d1044135,1.0
d8733614,2.0
d6394921,1.0
d5529011,
d10372057,
d11711683,
d11812614,1.0
d4844269,
d4769905,6.0
d12736481,22.0
d8598311,1.0
d6637445,1.0
d11714897,1.0
d10547286,3.0
d8073799,
d12790553,3.0
d13076001,7.0
d8428726,
d9806573,
d12839566,1.0
d11895630,3.0
d1332252,1.0
d7626335,
d11547074,1.0
d7123450,1.0
d10394129,7.0
d10628468,3.0
d12334550,3.0
d4769886,1.0
d7303629,
d7898991,1.0
d12978001,8.0
d12600421,1.0
d4104485,1.0
d5616316,1.0
d967170,1.0
d5779772,
d13416641,
d2006091,1.0
d13008894,21.0
d10382095,2.0
d12813995,3.0
d5048797,1.0
d12658197,8.0
d4759379,1.0
d13235156,11.0
d10167698,
d12235071,6.0
d8813086,1.0
d4468021,1.0
d12319729,25.0
d7817530,1.0
d10802112,2.0
d12951895,1.0
d12295661,3.0
d12641017,9.0
d7035214,3.0
d3389799,1.0
d5816314,5.0
d12638000,11.0
d12151589,
d12503234,8.0
d5776155,1.0
d5430553,
d731403,2.0
d10664983,3.0
d12644968,3.0
d12071943,
d8340829,2.0
d12817078,5.0
d12951652,3.0
d5518431,
d10794456,
d7751487,1.0
d6123515,1.0
d8871018,1.0
d4770231,2.0
d7123982,1.0
d7995084,
d12447458,
d13164397,13.0
d13322859,3.0
d7124143,2.0
d13228347,1.0
d12010794,
d11847899,
d10319682,3.0
d7779387,2.0
d5889347,1.0
d10669908,1.0
d12408044,1.0
d4041042,2.0
d10838358,1.0
d991347,1.0
d7274414,1.0
d10777665,1.0
d12818846,5.0
d2149259,3.0
d10106916,1.0
d12885165,2.0
d7123979,1.0
d2308767,2.0
d5122157,
d12675077,1.0
d13277645,207.0
d12977600,5.0
d7242801,1.0
d7803394,
d8669535,3.0
d12869856,12.0
d1044965,1.0
d1357259,1.0
d1947786,1.0
d1346218,1.0
d12030280,3.0
d13206805,15.0
d9997492,
d8277409,1.0
d12407258,5.0
d12232818,3.0
d2691365,
d13125259,10.0
d1098661,1.0
d12338007,1.0
d13223572,34.0
d1233812,
d13207408,23.0
d1153485,
d5122031,10.0
d12509173,1.0
d12636067,8.0
d10028664,4.0
d12816981,1.0
d7799141,2.0
d9764067,1.0
d11492257,1.0
d695163,3.0
d8630276,
d7123669,2.0
d12741904,4.0
d13173474,2.0
d3419895,1.0
d807021,1.0
d8571953,1.0
d8097661,1.0
d8625379,1.0
d5667613,1.0
d5447664,1.0
d5513637,
d11638928,4.0
d1341218,2.0
d8317788,
d9778442,2.0
d12360369,2.0
d8538321,6.0
d2386617,1.0
d12150298,1.0
d8516779,1.0
d12999215,20.0
d11855348,1.0
d3736559,4.0
d12690823,4.0
d12702495,3.0
d5801542,
d4793670,3.0
d12843332,10.0
d4769113,3.0
d12155617,4.0
d12322378,2.0
d8568801,1.0
d11435573,
d11762915,4.0
d12883497,
d8612503,2.0
d12999712,5.0
d12718623,5.0
d11803552,1.0
d9789750,3.0
d12982080,10.0
d9858112,1.0
d11979164,93.0
d13279644,
d3255251,1.0
d11775599,2.0
d10254501,2.0
d11993918,
d12438436,
d12079994,2.0
d5959913,
d7023432,6.0
d12441874,14.0
d1045655,1.0
d7124547,1.0
d4793532,5.0
d1045016,1.0
d8836176,1.0
d3242352,1.0
d12687081,2.0
d6002377,1.0
d4295285,1.0
d12610981,14.0
d1034850,1.0
d1360715,5.0
d8779158,1.0
d12800977,2.0
d9563567,
d5986223,
d12848330,
d5873391,
d12842681,
d5814968,
d991076,1.0
d7144321,2.0
d12709056,1.0
d10154475,1.0
d3693120,1.0
d12968093,3.0
d2351213,
d719007,2.0
d8339680,1.0
d11754699,1.0
d13234486,2.0
d12358876,8.0
d10793090,1.0
d13008726,21.0
d12593283,6.0
d4493631,1.0
d5526124,1.0
d12671327,8.0
d12338543,
d809226,2.0
d10832789,2.0
d2643443,1.0
d6816839,
d13091986,23.0
d11825506,1.0
d12225612,2.0
d9720461,1.0
d11932910,2.0
d12998649,168.0
d5818231,
d12790648,
d12623089,1.0
d12404168,
d7320818,
d13391926,4.0
d7124293,1.0
d12567720,
d10230176,1.0
d12190119,
d5575153,1.0
d4164781,1.0
d7715584,1.0
d11773975,1.0
d12789888,6.0
d12296416,2.0
d3709421,2.0
d13205700,1.0
d10294046,2.0
d12523892,2.0
d2055698,2.0
d7124355,2.0
d12884238,1.0
d12714120,10.0
d12690811,2.0
d12453988,1.0
d12689621,4.0
d12423389,3.0
d5615985,
d694429,1.0
d4277605,1.0
d12790155,2.0
d12996991,3.0
d5616972,
d13389892,315.0
d11844664,1.0
d7692957,1.0
d11698800,1.0
d4770177,2.0
d998036,1.0
d12111251,4.0
d991465,2.0
d11876813,1.0
d12502429,5.0
d5798993,3.0
d12989071,5.0
d793314,1.0
d12691934,2.0
d12347449,4.0
d6959833,2.0
d5606649,
d10389453,1.0
d12550580,3.0
d12333763,2.0
d3648655,1.0
d988103,1.0
d11956653,7.0
d12091118,118.0
d12902828,1.0
d4925008,
d4769175,1.0
d4283300,1.0
d1792283,1.0
d5959090,
d12926331,2.0
d2012775,1.0
d5443126,1.0
d11796028,1.0
d7246424,1.0
d12315298,5.0
d7123878,2.0
d10621309,1.0
d12947701,6.0
d10140016,
d7222895,5.0
d4736680,1.0
d5614735,1.0
d12516040,3.0
d12659306,5.0
d13316619,1.0
d12526154,15.0
d13282793,
d11977755,1.0
d7021742,1.0
d12880689,2.0
d10783829,1.0
d8602347,2.0
d12598511,9.0
d1337300,1.0
d11868688,9.0
d12133777,11.0
d13140280,25.0
d4872822,1.0
d13219093,88.0
d8339582,2.0
d8545938,1.0
d1341434,1.0
d9561767,1.0
d12431282,2.0
d12246026,1.0
d5893445,3.0
d12115875,7.0
d5487248,
d983442,1.0
d12506182,5.0
d7795766,2.0
d12972100,1.0
d5585323,
d2248859,1.0
d7691362,5.0
d13005314,1.0
d12435055,1.0
d10109006,1.0
d13329521,1.0
d7732833,1.0
d10097642,
d5884720,1.0
d12997793,24.0
d3526688,1.0
d7123276,1.0
d10364907,4.0
d3488696,1.0
d12327968,1.0
d754608,1.0
d11977726,1.0
d2459488,1.0
d7612377,1.0
d11971154,1.0
d2440450,1.0
d7208278,1.0
d12682442,2.0
d10373602,
d7334246,1.0
d12347687,15.0
d1359405,
d12503274,7.0
d12904954,11.0
d11256345,
d1359623,1.0
d12141488,1.0
d10513305,1.0
d12691304,2.0
d5810024,
d13228916,23.0
d4373191,2.0
d8744282,1.0
d10235245,2.0
d13287896,30.0
d4176407,1.0
d7380562,1.0
d8672779,1.0
d10351537,1.0
d7219269,1.0
d5965095,
d12709090,636.0
d11903887,10.0
d6586183,1.0
d5872958,1.0
d8724590,
d10299847,
d13163531,1.0
d4770070,3.0
d9818436,
d12447519,4.0
d3588914,1.0
d10895300,12.0
d12645890,5.0
d10491585,
d4313262,2.0
d1408625,1.0
d12709879,1.0
d7124242,2.0
d13112112,5.0
d3641624,
d3253728,5.0
d12936301,9.0
d719828,1.0
d12503689,5.0
d5958635,1.0
d12988498,15.0
d12286614,
d12474788,1.0
d5519516,2.0
d4697027,2.0
d5976348,2.0
d10156990,1.0
d12438455,9.0
d10355476,
d5952821,
d7108760,1.0
d13223772,
d12874472,3.0
d12934855,5.0
d11987807,4.0
d12658615,25.0
d10307768,1.0
d13163013,12.0
d13325428,9.0
d9754603,5.0
d7706988,2.0
d7396035,1.0
d13101885,10.0
d12953011,37.0
d10536824,1.0
d13226439,6.0
d9768445,3.0
d7246394,1.0
d10042646,1.0
d5123013,3.0
d12988313,4.0
d12563281,43.0
d12871767,51.0
d1367109,
d11913770,4.0
d12882675,1.0
d12410514,7.0
d12685978,
d13205467,172.0
d9791824,
d7252240,
d5526125,45.0
d13284380,1.0
d5860341,
d1392639,1.0
d10697083,
d8856363,1.0
d7254611,1.0
d12696444,5.0
d4770156,1.0
d12605368,281.0
d10376968,1.0
d11981682,8.0
d12910843,1.0
d1356845,1.0
d10512597,1.0
d9768082,2.0
d12043632,2.0
d9600324,
d3493885,1.0
d7124519,1.0
d12695167,1.0
d3849447,4.0
d12956974,2.0
d7649506,2.0
d12294666,2.0
d7685497,1.0
d12058303,1.0
d13144634,11.0
d5776719,
d2649249,1.0
d12644440,
d1343048,1.0
d12503121,1.0
d12845029,1.0
d10058810,
d8791087,2.0
d13197631,48.0
d12243659,1.0
d13284434,22.0
d12068247,
d2424319,
d13139218,2.0
d7243246,
d8660001,2.0
d12572658,2.0
d4946996,1.0
d8339930,2.0
d12049003,1.0
d12384552,4.0
d10724032,1.0
d12114896,2.0
d5442851,4.0
d7996902,1.0
d1354477,1.0
d11958460,1.0
d12098434,
d10079338,
d12842987,
d13226281,3.0
d12229735,1.0
d1043805,2.0
d7246537,1.0
d12175079,1.0
d4173077,1.0
d7724601,1.0
d12875617,5.0
d12172734,2.0
d11543758,1.0
d3735823,1.0
d12322989,
d4768291,3.0
d10587448,22.0
d12873448,7.0
d11861153,1.0
d8571233,3.0
d9752550,
d10818786,3.0
d7124393,1.0
d8602510,1.0
d11951673,23.0
d12404527,5.0
d7160467,1.0
d11812785,1.0
d11871901,2.0
d5583335,
d7787852,1.0
d10467094,3.0
d11950716,2.0
d12883544,13.0
d13206566,
d13153300,18.0
d7205059,6.0
d13152856,57.0
d6224819,1.0
d10524857,5.0
d7274076,1.0
d3367014,1.0
d10479056,
d12691511,3.0
d5862958,
d12395922,1.0
d7045726,1.0
d13125687,6.0
d5617497,
d13284579,5.0
d12911571,
d5981992,
d12408013,2.0
d13239000,21.0
d12567561,4.0
d7124407,1.0
d9740773,3.0
d717321,1.0
d8871731,1.0
d6380666,1.0
d10486190,
d13133990,15.0
d6986251,1.0
d7123548,1.0
d939738,1.0
d8333948,11.0
d10529250,2.0
d1044850,1.0
d12933690,11.0
d5122077,
d8339780,4.0
d10320753,
d6107125,1.0
d12135807,1.0
d4769848,4.0
d11434812,6.0
d13002781,19.0
d12864876,17.0
d1320095,1.0
d11538645,
d4758586,2.0
d12351411,1.0
d997606,1.0
d12857123,4.0
d13135431,2.0
d13282850,
d11510425,4.0
d11829633,4.0
d1039258,1.0
d12421545,
d11771269,1.0
d7123406,1.0
d13130053,4.0
d2096383,1.0
d1356813,2.0
d10034211,4.0
d10049578,
d13129650,12.0
d12322543,
d13082910,53.0
d13288611,11.0
d12149655,1.0
d10032359,
d11500668,2.0
d4041933,2.0
d11719295,
d8279370,1.0
d6458692,1.0
d3791760,1.0
d10662137,3.0
d12946257,2.0
d13081831,17.0
d13117362,4.0
d12874574,
d8518295,
d12792802,2.0
d12554634,5.0
d13205446,4.0
d13421037,30.0
d1486745,1.0
d4084438,1.0
d8339618,1.0
d1103687,1.0
d12558178,
d4768775,1.0
d12832409,5.0
d7236057,2.0
d5816301,
d718042,1.0
d986430,1.0
d6999656,44.0
d10365832,2.0
d10470712,1.0
d4793252,1.0
d991499,2.0
d8385113,1.0
d8774827,2.0
d13189517,18.0
d12501561,3.0
d11712376,1.0
d4914376,3.0
d5243162,2.0
d5259633,1.0
d12959653,25.0
d1390604,
d13125943,3.0
d3200465,4.0
d13008535,1.0
d10347570,1.0
d13234497,11.0
d5936442,1.0
d13201288,58.0
d10517142,1.0
d8017741,1.0
d10019835,
d5955847,1.0
d7342196,1.0
d5795620,
d12242560,37.0
d8848749,1.0
d5794562,2.0
d12850963,
d13199889,68.0
d1234581,1.0
d697197,1.0
d1037140,4.0
d9882080,
d12431424,1.0
d718357,1.0
d1657483,1.0
d13126117,4.0
d12978805,2.0
d7123598,1.0
d12506505,
d12865525,
d12824847,2.0
d13172157,19.0
d3576247,1.0
d10584149,1.0
d8819098,2.0
d13274922,12.0
d9561885,
d4928913,2.0
d5972492,
d1195848,9.0
d12560018,1.0
d12557822,
d4221407,1.0
d3136268,1.0
d9824211,
d10266278,1.0
d9809593,1.0
d720646,2.0
d5959108,
d8261504,1.0
d12621405,11.0
d13197525,5.0
d7294241,
d10071825,
d1571579,1.0
d10288999,1.0
d12625557,275.0
d13149351,
d4770140,1.0
d12731915,3.0
d7604228,1.0
d5794927,
d12716306,3.0
d9766113,
d8581485,2.0
d1185140,
d8361333,
d10416601,1.0
d2085945,1.0
d1044344,2.0
d7597162,1.0
d7811215,1.0
d13129071,9.0
d13477951,1.0
d5816217,
d12438465,2.0
d5523143,1.0
d13195587,3.0
d11668002,4.0
d12210518,1.0
d12944013,5.0
d3439658,
d12071777,1.0
d5489226,
d8610209,
d8130518,1.0
d8537733,1.0
d11737291,3.0
d5027108,
d12867921,
d878295,
d12148796,
d8834124,1.0
d12926411,1.0
d13289876,2.0
d7897018,
d1093661,1.0
d12394472,
d13116812,1.0
d12388275,1.0
d12645762,2.0
d12362761,23.0
d2708688,1.0
d12551161,20.0
d12714398,13.0
d10458829,2.0
d7124148,1.0
d13298288,41.0
d10045197,2.0
d12949974,7.0
d7083435,1.0
d3568532,1.0
d12948479,
d12926349,116.0
d8051417,2.0
d12331315,9.0
d13115764,7.0
d12950426,354.0
d8873363,1.0
d3250778,1.0
d5079223,1.0
d9731847,2.0
d12718154,6.0
d8715608,1.0
d10804548,5.0
d5440386,
d12342225,1.0
d3163336,3.0
d6874868,
d10188263,3.0
d4523130,3.0
d12844056,7.0
d5795229,
d9730844,2.0
d4782938,1.0
d11895709,5.0
d4176712,1.0
d5220267,4.0
d7810324,1.0
d9821093,1.0
d7316049,1.0
d11918759,
d7154757,1.0
d5788938,10.0
d11827759,3.0
d10478201,1.0
d9729242,
d13283785,35.0
d7277869,1.0
d12822105,
d6610712,1.0
d2717760,
d6479082,1.0
d12938820,7.0
d1441087,1.0
d7123968,2.0
d12535806,130.0
d8339966,1.0
d2626097,1.0
d12571872,6.0
d1045067,1.0
d12859960,2.0
d10463660,1.0
d8126733,1.0
d4894368,1.0
d13189918,4.0
d12345338,1.0
d8059389,1.0
d13313019,13.0
d7124099,1.0
d11890774,1.0
d8642360,3.0
d8020108,1.0
d12866521,
d8537653,1.0
d11804604,3.0
d8795367,1.0
d6484155,1.0
d12801621,3.0
d12581319,
d4523210,2.0
d5243111,
d6618592,1.0
d5507497,
d8396334,
d12872056,3.0
d12674982,3.0
d13083533,8.0
d11953114,59.0
d10314483,8.0
d5489499,5.0
d12963001,40.0
d4869692,1.0
d8574615,
d7124004,1.0
d7148431,1.0
d1038835,
d10073799,2.0
d12281790,1.0
d1381569,1.0
d970070,1.0
d13296811,27.0
d10400824,2.0
d3929215,1.0
d12712244,3.0
d12809213,3.0
d8339754,1.0
d997608,
d4767800,1.0
d13307726,25.0
d9570812,2.0
d12415049,1.0
d7124403,2.0
d12353487,1.0
d12868561,6.0
d13296894,18.0
d4911290,
d5853771,
d1126334,1.0
d4769127,5.0
d12941805,3.0
d13090225,1.0
d6975911,1.0
d695169,1.0
d12438915,3.0
d12882182,7.0
d5037158,1.0
d11845274,1.0
d11905347,1.0
d2615209,1.0
d12691333,4.0
d8143844,2.0
d4768419,1.0
d12936857,22.0
d10782466,2.0
d13313742,716.0
d12259416,
d7274071,2.0
d9566719,1.0
d740562,1.0
d12794200,3.0
d12840183,40.0
d13087336,6.0
d12184436,1.0
d10119558,1.0
d10494780,5.0
d2403779,1.0
d11650771,262.0
d12086831,13.0
d10479257,2.0
d1044683,1.0
d11180137,1.0
d5122066,
d8336199,1.0
d1344567,6.0
d10227074,1.0
d1408643,1.0
d10031781,1.0
d997902,1.0
d7278591,3.0
d2333087,1.0
d12398758,2.0
d7755331,1.0
d5513568,3.0
d13323876,23.0
d12593503,4.0
d11815592,1.0
d10354535,1.0
d8773673,4.0
d8374350,
d12653872,
d12663216,1.0
d11807584,1.0
d12907038,3.0
d12243652,5.0
d10467852,37.0
d4295316,2.0
d13130305,2.0
d1346410,1.0
d12975733,53.0
d7177813,
d7704824,1.0
d12554985,2.0
d1520748,1.0
d6847457,1.0
d9807418,
d7646307,
d12170237,2.0
d12725106,3.0
d12459158,3.0
d1044859,1.0
d7009351,
d12051419,1.0
d10036970,2.0
d12831436,1.0
d4191973,1.0
d2709308,
d12986583,1.0
d10613450,1.0
d5264393,
d11444223,4.0
d12511912,1.0
d7123300,1.0
d13222806,8.0
d13322773,12.0
d11891423,1.0
d12188872,1.0
d12595830,2.0
d4223621,1.0
d2303957,1.0
d12252151,
d9746329,4.0
d13138647,7.0
d12963283,5.0
d10686709,1.0
d10238246,1.0
d12207887,17.0
d1221241,
d8499678,
d12901191,1.0
d2424335,1.0
d7246419,2.0
d5416433,2.0
d10121032,1.0
d5821532,1.0
d12681930,4.0
d12281218,1.0
d10595748,
d10119696,1.0
d8286616,1.0
d12728587,18.0
d11749392,
d697495,1.0
d13448920,11.0
d8618839,1.0
d12099522,143.0
d1336436,1.0
d12367943,1.0
d13172573,9.0
d12945767,2.0
d8341119,2.0
d11903301,
d12877045,1.0
d5864094,
d4567619,1.0
d10926213,4.0
d6654430,1.0
d5487305,
d2565207,
d13002706,3.0
d1043452,1.0
d7257385,2.0
d7604609,3.0
d12323318,2.0
d5981454,
d953869,1.0
d964392,3.0
d4769835,2.0
d8356846,1.0
d12995124,1.0
d11701638,
d5823734,
d10809300,1.0
d12856867,4.0
d12921238,1.0
d11672861,1.0
d11659486,1.0
d12403563,13.0
d12327525,6.0
d12484825,2.0
d12557369,5.0
d13140195,5.0
d2179931,1.0
d6408073,1.0
d11779008,2.0
d13001031,7.0
d12286589,2.0
d5793149,
d12120952,1.0
d987862,1.0
d5977410,6.0
d7123807,1.0
d8339657,2.0
d11722642,1.0
d13128175,
d7002316,1.0
d12718013,15.0
d4769850,2.0
d2716915,1.0
d1418401,1.0
d4767695,1.0
d12951633,1.0
d12128375,
d12814397,8.0
d10257704,1.0
d10745091,1.0
d7381256,2.0
d8855240,1.0
d8066638,1.0
d5967142,1.0
d12863016,2.0
d13138355,75.0
d1044376,1.0
d12480641,3.0
d7365820,1.0
d13008769,10.0
d12944085,1.0
d13124268,32.0
d13168011,10.0
d959169,
d1093698,1.0
d13137452,
d5928000,1.0
d9831596,5.0
d13134976,8.0
d9791609,
d10597222,3.0
d12333767,6.0
d13323033,9.0
d12173513,14.0
d12511265,4.0
d12115354,
d10044991,4.0
d9808238,
d11662075,
d11719480,
d2354931,1.0
d12924018,37.0
d12616105,1.0
d12829129,7.0
d12323149,4.0
d697439,1.0
d752024,1.0
d1437776,
d12640836,6.0
d6892655,1.0
d10041704,
d3365247,1.0
d10746733,
d12621246,1.0
d2630257,
d3842071,1.0
d12429488,4.0
d13118046,4.0
d10673544,3.0
d11535573,1.0
d12911510,1.0
d10781416,1.0
d12145665,2.0
d12430691,2.0
d7124051,2.0
d5808982,
d4138116,1.0
d11863669,2.0
d7314699,1.0
d7123983,1.0
d13110521,4.0
d9849074,1.0
d5603650,1.0
d8665899,
d12218015,2.0
d4221315,1.0
d694690,1.0
d5874770,2.0
d10763390,3.0
d12235014,6.0
d10520812,11.0
d12827306,8.0
d5509753,1.0
d10467233,
d1359321,
d986484,1.0
d12629402,1.0
d12115169,8.0
d12448243,3.0
d13370579,7.0
d13325878,7.0
d13141931,7.0
d11805973,1.0
d10440503,2.0
d5825901,1.0
d13124587,9.0
d12200200,6.0
d10100590,
d12195321,4.0
d7934344,1.0
d7779011,1.0
d5313685,1.0
d12365788,1.0
d7375787,
d11903360,1.0
d10629933,3.0
d8506748,1.0
d3804383,
d12383658,
d12018135,
d12596674,1.0
d8469748,
d5804248,
d1035132,1.0
d8339914,2.0
d12408653,1.0
d4888776,1.0
d11667031,4.0
d4769994,2.0
d13073178,6.0
d10838686,1.0
d1747477,1.0
d10760483,1.0
d10335864,1.0
d12899302,1.0
d12590374,4.0
d12966411,44.0
d4259609,1.0
d8862199,2.0
d10123084,
d13236358,10.0
d11094480,1.0
d8463610,1.0
d10453899,1.0
d11677886,2.0
d5048802,1.0
d7303597,1.0
d13007626,1.0
d1346452,1.0
d10092998,1.0
d2307161,1.0
d4770041,1.0
d12644299,
d12437980,6.0
d10380024,
d13125675,9.0
d12029240,
d981805,2.0
d7710502,
d5220238,
d945300,2.0
d5489021,
d12406954,1.0
d7096186,
d10643047,
d12682249,
d10250645,1.0
d1051991,1.0
d11726692,1.0
d10729662,2.0
d13126274,6.0
d13196483,23.0
d1044884,
d6920126,1.0
d1961665,1.0
d4769189,2.0
d13142340,10.0
d12705373,1.0
d12787416,3.0
d2514252,1.0
d12706207,82.0
d13128539,
d11878056,13.0
d11667056,1.0
d5949091,1.0
d12511809,1.0
d10247952,2.0
d10751007,2.0
d12357250,3.0
d5493285,1.0
d12462827,7.0
d12320797,5.0
d1344076,
d13295128,153.0
d12320624,2.0
d7114413,1.0
d10353194,2.0
d12362311,8.0
d13313748,48.0
d11909286,
d12945716,2.0
d13153502,2.0
d12795805,
d11729216,2.0
d6614670,1.0
d13002809,1.0
d5851755,1.0
d8543091,3.0
d9848583,2.0
d3469308,1.0
d13222001,4.0
d716273,
d12915944,2.0
d12956550,3.0
d10805589,4.0
d12946443,6.0
d5863923,2.0
d13284225,5.0
d4084875,1.0
d7112143,1.0
d12878787,
d7319177,29.0
d7193135,1.0
d10766081,11.0
d8472692,
d5771798,2.0
d2061142,1.0
d5519160,1.0
d13171766,7.0
d12981885,10.0
d11659366,
d12653033,3.0
d13405584,6.0
d8606830,1.0
d5795647,
d8363899,1.0
d9585526,
d12436717,3.0
d1381384,1.0
d5817299,2.0
d7123545,
d12959772,1.0
d8807807,1.0
d13149199,23.0
d13135742,5.0
d5768344,
d7124048,2.0
d13292606,15.0
d11933039,223.0
d3374771,1.0
d10108860,1.0
d12694862,2.0
d10496201,2.0
d805474,3.0
d5121446,1.0
d10357129,2.0
d8338479,1.0
d8464894,1.0
d4352024,
d9974974,1.0
d11916719,6.0
d12542786,1.0
d12158176,7.0
d12242272,3.0
d5509303,
d9766274,1.0
d9596611,1.0
d4453348,1.0
d7123241,1.0
d13323261,7.0
d8692585,
d1050549,3.0
d695131,1.0
d8682347,1.0
d7123253,
d11753783,1.0
d12336098,2.0
d12991592,2.0
d8341126,3.0
d3511763,4.0
d13136328,10.0
d13008588,5.0
d7755549,
d1967662,3.0
d13004913,25.0
d4519869,1.0
d5776220,
d1389472,2.0
d990772,1.0
d8768713,5.0
d10267135,1.0
d8460536,3.0
d997943,1.0
d12597937,1.0
d7653757,1.0
d11789075,3.0
d1335702,1.0
d4768953,
d7123992,5.0
d12191998,4.0
d7124168,1.0
d12607828,1.0
d11916478,2.0
d12158032,11.0
d12858841,6.0
d7138244,1.0
d5981839,
d5270630,2.0
d13076814,7.0
d9790245,3.0
d4911420,3.0
d6353458,1.0
d10198118,2.0
d10538213,1.0
d12999419,15.0
d13417628,8.0
d5587738,1.0
d6886284,2.0
d2141891,1.0
d5965954,
d12123930,1.0
d10214438,1.0
d12950858,1.0
d8319843,
d3974453,1.0
d751627,
d12692843,2.0
d8673906,3.0
d10498527,
d7021352,1.0
d4911023,2.0
d13200549,1.0
d13272833,1.0
d7298618,1.0
d12091192,1.0
d2705977,1.0
d13312967,66.0
d12112464,3.0
d7648873,1.0
d12926154,5.0
d13197442,27.0
d12611014,5.0
d13074167,1.0
d8665104,
d4226191,
d7691348,1.0
d12165888,2.0
d4177590,2.0
d12458675,
d13219842,6.0
d10965926,
d7124224,1.0
d12859007,
d13076704,4.0
d9995787,1.0
d12947949,36.0
d5870519,
d2437362,1.0
d2262702,2.0
d945071,3.0
d11717682,3.0
d5523436,2.0
d7123994,1.0
d5823827,
d10416631,1.0
d12852541,6.0
d10243628,1.0
d12592916,378.0
d3974430,1.0
d12622341,6.0
d12161485,
d9730729,
d10230549,1.0
d4732369,1.0
d8122532,3.0
d5866674,
d11280197,4.0
d12273789,6.0
d4506178,
d12651842,6.0
d13138496,11.0
d7003998,1.0
d8037921,1.0
d5895382,3.0
d1335030,1.0
d10805400,8.0
d4924830,2.0
d10066656,1.0
d12612805,9.0
d9839698,2.0
d12421714,2.0
d733506,2.0
d2722135,
d13431184,3.0
d11768645,2.0
d3959657,
d12551017,
d11444722,1.0
d4833405,5.0
d8715545,4.0
d12438320,3.0
d10467092,1.0
d13154033,1.0
d11864713,6.0
d5822495,3.0
d753285,1.0
d13002134,6.0
d7690484,1.0
d12523673,9.0
d11621671,1.0
d1323406,1.0
d3295171,
d12103854,3.0
d12955066,
d12141815,6.0
d9595693,1.0
d3258534,2.0
d13129631,1.0
d12219483,2.0
d12110249,4.0
d6556194,
d12316070,5.0
d5808934,
d13198135,27.0
d10058519,1.0
d5615803,2.0
d10537782,4.0
d6786766,6.0
d5511124,
d12478889,4.0
d12001755,6.0
d5518769,
d4769088,1.0
d6180189,1.0
d7124521,2.0
d5848182,
d5522937,1.0
d7315727,1.0
d13076167,1.0
d13072134,39.0
d12320440,1.0
d1504636,
d7278610,1.0
d8341288,2.0
d11854535,2.0
d10127178,1.0
d12975535,6.0
d4998099,3.0
d12829445,10.0
d13183971,26.0
d10834831,1.0
d12940437,3.0
d12977991,19.0
d5527449,2.0
d11624752,2.0
d12194732,7.0
d7133658,1.0
d8339788,1.0
d10161562,
d4262853,1.0
d8338577,1.0
d4586815,1.0
d12387279,91.0
d12786386,4.0
d9580170,1.0
d12929682,7.0
d12900993,3.0
d5823986,1.0
d13139834,
d12542816,3.0
d5796467,1.0
d1111157,
d5966152,
d6525570,1.0
d6788113,1.0
d5956749,
d12998325,12.0
d4911406,
d10716601,2.0
d12712669,7.0
d8673977,3.0
d1403890,
d11801708,14.0
d991312,1.0
d12632862,6.0
d9722757,2.0
d958963,1.0
d12677184,
d6846679,1.0
d13288399,80.0
d4723957,1.0
d10027294,8.0
d12922095,4.0
d3169970,1.0
d10831160,1.0
d1331543,
d6510485,1.0
d9814441,1.0
d12861211,2.0
d8811394,
d12515485,1.0
d1977833,
d13302823,12.0
d7123209,1.0
d12356580,2.0
d1323123,1.0
d7021016,1.0
d4802168,1.0
d991656,1.0
d8552416,1.0
d2697780,1.0
d5007171,
d8621252,
d12849016,2.0
d10132426,1.0
d12632652,26.0
d7342756,1.0
d8686804,1.0
d10301906,1.0
d12655466,
d7262216,15.0
d4875887,1.0
d13295201,2.0
d1829030,
d8340826,1.0
d12192128,13.0
d12947402,12.0
d10542709,1.0
d11045408,1.0
d11905158,2.0
d8638476,
d11785143,1.0
d12476664,2.0
d10354357,1.0
d787818,1.0
d4769952,1.0
d8281800,2.0
d10807908,1.0
d7123480,1.0
d13134185,34.0
d11783417,
d10374164,1.0
d12283455,1.0
d5524012,
d7124444,1.0
d6506997,2.0
d8380873,
d3266139,
d4769456,1.0
d12999946,3.0
d12010133,1.0
d9453464,3.0
d10815687,
d9745904,3.0
d11915795,
d964383,1.0
d5984683,
d7124092,3.0
d5616558,20.0
d5785822,
d8340159,4.0
d3514427,1.0
d12473849,4.0
d12631537,7.0
d8660552,
d719135,1.0
d12804740,
d11802014,
d6601390,1.0
d12632847,1.0
d7110813,
d12686116,9.0
d10506872,9.0
d4767766,2.0
d1035116,1.0
d5851564,1.0
d13147164,4.0
d5878125,
d753156,
d4328803,1.0
d6110037,1.0
d10830640,
d10170400,2.0
d10153813,
d5794546,1.0
d12225305,1.0
d12543272,3.0
d12801498,2.0
d10027139,1.0
d4768616,1.0
d5799840,
d13291104,4.0
d13227835,110.0
d13075250,2.0
d11996108,1.0
d783229,3.0
d12805951,
d5505626,1.0
d9836714,1.0
d11822912,1.0
d7031910,2.0
d8600524,2.0
d13186462,3.0
d9989990,1.0
d7123989,1.0
d3354475,1.0
d13130630,23.0
d13503746,1.0
d12326504,1.0
d12556171,1.0
d6757866,1.0
d5122227,
d10297991,2.0
d12674946,1.0
d11868237,1.0
d12879374,8.0
d12998979,7.0
d4589830,1.0
d12867101,1.0
d10962087,10.0
d10783904,3.0
d12954408,9.0
d12495891,3.0
d2243373,
d730158,1.0
d12626584,2.0
d11621028,1.0
d12221763,2.0
d8074379,1.0
d12143734,1.0
d10784394,2.0
d7274394,1.0
d8438032,70.0
d991085,1.0
d11489110,1.0
d5795555,2.0
d3264639,1.0
d10673098,1.0
d1081665,1.0
d12667739,4.0
d10302223,1.0
d11949500,1.0
d7123865,3.0
d11664126,3.0
d8432775,1.0
d11534991,3.0
d6385546,1.0
d1330657,1.0
d7124216,1.0
d11981372,1.0
d988032,1.0
d11331369,3.0
d10056434,
d5103766,1.0
d11236008,7.0
d7685971,2.0
d13289856,
d5870862,2.0
d10460852,1.0
d5861809,1.0
d12622144,5.0
d6840799,
d742381,1.0
d12945633,
d2141180,2.0
d12343070,3.0
d896961,1.0
d12503403,7.0
d5501232,1.0
d11641294,1.0
d7789644,2.0
d1324361,1.0
d1423496,1.0
d10247976,7.0
d10840231,4.0
d4755648,1.0
d12012803,1.0
d5617414,
d1152116,1.0
d10746617,1.0
d1018490,3.0
d13137946,26.0
d8374201,
d12614060,6.0
d694495,1.0
d7253712,1.0
d10254240,1.0
d11959983,1.0
d13187320,5.0
d5243286,2.0
d5122170,1.0
d13283799,9.0
d8482458,1.0
d4783400,1.0
d1328889,1.0
d2428921,1.0
d4581860,1.0
d11822115,
d12941561,1.0
d5958006,1.0
d8460531,3.0
d10338097,4.0
d12212430,2.0
d5487276,3.0
d10832441,
d12871470,5.0
d5817006,2.0
d5487494,
d13373138,122.0
d10252532,1.0
d13481992,10.0
d12353342,5.0
d5326187,4.0
d5768846,3.0
d5827146,2.0
d8811794,
d8736862,1.0
d12848114,2.0
d6716427,1.0
d954447,1.0
d11711213,4.0
d11953811,88.0
d4104821,
d8844334,2.0
d5823550,
d12814073,6.0
d13196377,53.0
d13316524,38.0
d12944877,12.0
d1216006,1.0
d12152093,6.0
d13295123,33.0
d719802,2.0
d13000895,1.0
d12811450,4.0
d11887540,1.0
d6558095,1.0
d13239532,9.0
d12899021,3.0
d12950184,4.0
d5776508,2.0
d12484546,1.0
d4050485,9.0
d4148790,1.0
d4925397,
d10025976,1.0
d12662545,
d11619603,2.0
d740168,2.0
d11909228,
d7999004,4.0
d7124482,2.0
d5793552,
d13421072,5.0
d5609015,2.0
d12711932,4.0
d12095037,
d5814866,3.0
d5616126,
d12143981,4.0
d5122055,
d4043779,1.0
d11896158,
d13154458,1.0
d10795652,2.0
d12321597,2.0
d12861342,2.0
d946740,3.0
d10151309,3.0
d5247599,1.0
d753452,1.0
d10729053,1.0
d9978314,1.0
d11932473,4.0
d11705249,
d10364862,4.0
d10050679,1.0
d5646702,
d12655941,
d3721673,1.0
d12716346,4.0
d6022580,2.0
d9729069,
d12946237,9.0
d10948259,
d8494036,1.0
d10763125,3.0
d4723580,1.0
d3524644,1.0
d8154190,1.0
d8765683,1.0
d6405048,1.0
d12535596,10.0
d8380890,2.0
d10158548,1.0
d12932686,2.0
d3695854,1.0
d5851549,1.0
d8633173,1.0
d10480552,
d13219471,14.0
d991134,3.0
d3859890,1.0
d12945924,166.0
d1043860,8.0
d11739342,5.0
d10211859,1.0
d13094735,13.0
d13198034,3.0
d12992754,
d12925194,4.0
d1093033,
d3953017,1.0
d12331250,1.0
d7124150,
d7713871,1.0
d12882677,6.0
d10617521,2.0
d13111916,1.0
d5518843,
d12234830,27.0
d12227911,3.0
d13320816,11.0
d5812335,4.0
d4925580,
d1035321,1.0
d13138821,18.0
d2615542,3.0
d5799795,
d10467138,2.0
d1035339,1.0
d4563690,
d13220144,7.0
d5790321,1.0
d10878576,9.0
d10874795,1.0
d13094987,5.0
d13168333,154.0
d12396410,2.0
d1184234,1.0
d4148444,1.0
d5260140,1.0
d7271978,2.0
d10261546,1.0
d7124269,1.0
d11955490,2.0
d10789547,1.0
d11808139,4.0
d1043426,1.0
d12015306,23.0
d4823751,1.0
d3645177,
d10818106,
d12924358,4.0
d1035119,
d807728,1.0
d8333877,1.0
d4912273,
d12588631,3.0
d5864007,1.0
d8339828,2.0
d11927814,
d13323744,
d4767875,1.0
d12558218,2.0
d5506953,1.0
d12276854,
d12817571,31.0
d12043663,5.0
d12893108,1.0
d10460928,
d10813800,
d12247125,26.0
d4924950,3.0
d12703747,5.0
d12875825,10.0
d5852490,3.0
d5600142,3.0
d12360172,3.0
d12360812,4.0
d7778326,1.0
d6452953,2.0
d12439175,5.0
d4354852,1.0
d1356203,1.0
d12794032,2.0
d7706329,1.0
d11305968,1.0
d12361770,8.0
d5220218,5.0
d11910487,1.0
d5886085,1.0
d5965945,
d10543288,
d12873363,
d4163838,1.0
d12407008,7.0
d1044693,1.0
d12459712,3.0
d4082366,
d11802335,1.0
d12484619,3.0
d5487087,2.0
d9459226,
d9700155,1.0
d12502443,
d11759466,
d12788091,
d10459894,1.0
d8040778,1.0
d5977127,
d7906576,
d8366551,1.0
d12322249,5.0
d10789325,1.0
d2569745,1.0
d5966205,1.0
d3703031,1.0
d12843304,2.0
d3562694,1.0
d718141,1.0
d4768229,2.0
d7274046,5.0
d12184090,
d8581478,1.0
d4139530,1.0
d13294491,116.0
d8726179,3.0
d12900540,
d5285770,1.0
d7315051,
d4770063,1.0
d12616118,7.0
d4924028,2.0
d12654085,
d10675809,9.0
d13140520,1.0
d8768265,2.0
d12716391,2.0
d12322934,
d11956001,3.0
d12653008,3.0
d5518528,6.0
d3682215,4.0
d1389703,1.0
d4769799,1.0
d2614499,1.0
d10229836,2.0
d5519956,
d13382231,1.0
d12666409,2.0
d7098136,1.0
d10129421,2.0
d8602873,1.0
d12477194,5.0
d8645941,1.0
d3440658,1.0
d12908464,20.0
d5542177,3.0
d13199355,7.0
d13221327,3.0
d10901158,5.0
d7211116,4.0
d12794670,4.0
d8341386,1.0
d7942285,
d4844397,
d12321104,10.0
d12524614,4.0
d5981269,
d11716788,4.0
d12994513,31.0
d8368897,1.0
d3640273,1.0
d10164114,
d12903363,2.0
d10341702,1.0
d7993666,
d12725263,5.0
d986415,1.0
d7778457,1.0
d8471317,2.0
d13116481,2.0
d12267836,1.0
d11802029,3.0
d7604639,1.0
d5609053,
d5220177,
d12358681,13.0
d6224318,1.0
d10373462,5.0
d8614707,4.0
d6966876,2.0
d12708096,31.0
d9752090,1.0
d10172709,4.0
d13275113,4.0
d11911978,6.0
d13227872,3.0
d12136417,
d12992748,11.0
d10746833,1.0
d5956501,
d12665982,8.0
d4770182,1.0
d5987965,
d12029058,1.0
d12079908,7.0
d8672442,4.0
d5800746,
d12946349,1.0
d986416,1.0
d801050,1.0
d10305224,1.0
d13170374,9.0
d5523470,1.0
d7599778,1.0
d12632861,3.0
d10667241,1.0
d810086,3.0
d8751574,
d12492132,89.0
d4150098,1.0
d1341340,2.0
d13000302,8.0
d7124447,1.0
d6482168,1.0
d11809014,2.0
d12914836,6.0
d10456426,
d3680629,1.0
d13200350,6.0
d12378267,1.0
d8065349,1.0
d11828761,3.0
d12936715,12.0
d11857377,2.0
d10686601,4.0
d1062383,1.0
d7990861,4.0
d5487212,1.0
d4082285,1.0
d8737537,1.0
d4770161,
d9718684,2.0
d12950404,3.0
d6784109,
d718284,1.0
d10194262,1.0
d10042413,
d12090531,1.0
d7819987,
d9561755,4.0
d12332916,19.0
d7799870,1.0
d12864736,3.0
d12712237,
d12062083,8.0
d1043391,1.0
d3525392,1.0
d9596193,1.0
d13150160,6.0
d10202388,1.0
d1324495,1.0
d12187488,5.0
d12367784,8.0
d10509697,3.0
d12192143,1.0
d13076032,2.0
d1034646,1.0
d7251286,
d5609153,
d4925425,
d2011682,1.0
d12922003,11.0
d10547346,52.0
d13187843,15.0
d8338688,
d7660750,1.0
d12903253,11.0
d12899531,4.0
d7806860,1.0
d7902946,
d5520987,1.0
d8762922,15.0
d8619243,6.0
d7706919,1.0
d7792232,1.0
d1014035,1.0
d12301154,84.0
d10883994,2.0
d4769815,3.0
d1044115,1.0
d4770123,1.0
d10836656,
d7123206,1.0
d12840888,3.0
d12718161,12.0
d12988297,6.0
d7124282,1.0
d11916527,20.0
d2181493,1.0
d720554,1.0
d11688167,
d12799981,10.0
d5016395,1.0
d13330252,1.0
d10425543,1.0
d11931353,1.0
d11933105,
d7214111,
d9846354,5.0
d12999410,6.0
d813998,1.0
d12480147,6.0
d12940168,
d10491948,1.0
d4604132,
d13116870,1.0
d13156718,5.0
d13323452,20.0
d7124084,1.0
d10353403,2.0
d2524716,1.0
d12320863,
d12969140,1.0
d12171526,
d12725758,2.0
d5824683,
d12321261,4.0
d4793289,1.0
d12523722,5.0
d11637313,3.0
d13010268,41.0
d12331907,
d10347318,
d13129440,75.0
d10818781,2.0
d12922191,15.0
d13124708,91.0
d9768658,1.0
d13283517,2.0
d5976435,2.0
d10352428,2.0
d11707917,1.0
d11909308,4.0
d1044487,1.0
d10763041,3.0
d7285453,
d13195842,1.0
d12128050,1.0
d5960726,1.0
d12207211,3.0
d7123315,2.0
d10620526,1.0
d4924859,4.0
d5772879,
d12690988,1.0
d13236837,2.0
d11800123,
d12947271,8.0
d5449144,1.0
d8139050,1.0
d12682405,1.0
d1204139,1.0
d11916033,2.0
d8461858,4.0
d5884411,
d6623430,2.0
d743434,1.0
d12320523,1.0
d13418128,16.0
d12556899,
d7260354,1.0
d2660122,2.0
d12882922,
d12827824,13.0
d10624432,1.0
d5327378,1.0
d12269581,2.0
d13088142,3.0
d731913,1.0
d5487099,1.0
d12866425,
d13164271,
d12730923,2.0
d10205607,1.0
d11872877,1.0
d990826,1.0
d12542756,8.0
d10292298,6.0
d12575347,1.0
d5981359,
d775324,1.0
d5486305,1.0
d1092696,1.0
d7932605,
d10335797,1.0
d8138537,1.0
d10309121,3.0
d10819872,1.0
d3543463,1.0
d4555128,2.0
d3199762,1.0
d13307636,15.0
d9585261,1.0
d2514039,1.0
d13120933,11.0
d12866419,
d5607454,10.0
d8684717,10.0
d12825960,8.0
d13298082,5.0
d5260522,1.0
d7624276,1.0
d6109156,1.0
d10027024,
d10167781,1.0
d10522262,3.0
d5822036,
d1323404,1.0
d6211432,1.0
d11891355,2.0
d11860019,1.0
d3649034,1.0
d12511629,2.0
d12509597,
d13197586,9.0
d12369090,89.0
d12969456,66.0
d8812909,1.0
d13237265,129.0
d5869972,
d12682765,1.0
d12919466,39.0
d3235738,1.0
d7171730,
d3847920,1.0
d11994418,6.0
d12989277,7.0
d12670403,
d5818673,
d740221,1.0
d5122740,1.0
d11997673,5.0
d10033274,1.0
d7714322,1.0
d12594006,3.0
d8019062,1.0
d7691371,1.0
d9746758,1.0
d7677945,
d3970480,4.0
d10511790,2.0
d12925825,2.0
d13341137,3.0
d13320037,9.0
d11724732,6.0
d13171763,9.0
d12596349,6.0
d4149825,1.0
d12872693,7.0
d9730692,1.0
d13293560,24.0
d5864138,2.0
d12603591,1.0
d13007244,1.0
d12556871,
d12982760,
d11629708,6.0
d4793477,1.0
d12276417,5.0
d4802075,1.0
d12979482,1.0
d5603239,5.0
d10779161,3.0
d12963527,10.0
d12841375,1.0
d8581449,1.0
d11621192,2.0
d9726428,1.0
d10348400,
d12950745,5.0
d2012255,1.0
d11814231,
d987833,1.0
d11860832,1.0
d1343445,1.0
d8790983,
d5977039,1.0
d694430,1.0
d12865928,3.0
d12946158,1.0
d10505509,1.0
d13286191,76.0
d6610608,1.0
d5220228,1.0
d12882466,2.0
d12842994,2.0
d7306119,1.0
d8429034,
d12925683,3.0
d13132392,5.0
d8727194,3.0
d10733907,1.0
d12515587,
d11793427,1.0
d13392707,
d7060772,1.0
d12386328,1.0
d12711190,1.0
d7713936,1.0
d8354043,
d9776759,
d11767612,
d1335659,1.0
d12389547,1.0
d5824261,10.0
d13108357,4.0
d13506993,19.0
d3821682,
d6890082,4.0
d4269349,
d12831572,2.0
d8807347,
d12807643,4.0
d5414926,2.0
d12844146,9.0
d9767595,1.0
d13237797,5.0
d12526149,
d13307450,10.0
d10487971,2.0
d10833978,2.0
d12450497,2.0
d12257746,1.0
d13162263,1.0
d3442655,1.0
d7123564,1.0
d7123696,1.0
d12120287,4.0
d7246438,2.0
d13139838,14.0
d12029451,2.0
d964501,1.0
d13129944,18.0
d12517861,4.0
d12949527,3.0
d11869279,2.0
d12128270,2.0
d695146,1.0
d10077708,
d13125118,8.0
d12208953,
d9729939,1.0
d742687,1.0
d12994294,
d2708995,1.0
d991628,1.0
d10201979,2.0
d13295116,1.0
d12323267,
d5494183,1.0
d5525540,1.0
d12957841,8.0
d9788488,2.0
d13199409,4.0
d5959868,1.0
d13023866,19.0
d10003108,
d11671091,3.0
d4778073,
d7815272,
d5770013,
d13187514,4.0
d11925562,1.0
d10778626,1.0
d5816855,2.0
d10071176,2.0
d13164764,9.0
d10554458,6.0
d11825035,52.0
d12669552,
d12911423,2.0
d3576260,1.0
d13094943,
d8449603,1.0
d10618912,5.0
d12947060,30.0
d12632164,7.0
d8490027,1.0
d8828438,1.0
d879379,1.0
d7345199,1.0
d3535941,1.0
d7342569,1.0
d5523421,1.0
d12111087,4.0
d12962892,2.0
d7976846,1.0
d1044266,1.0
d12802661,3.0
d12362916,2.0
d12874956,10.0
d5853093,
d3956689,1.0
d777517,1.0
d7894408,5.0
d1081756,1.0
d13121923,3.0
d5507229,
d13206499,4.0
d13200203,4.0
d12340677,
d11741872,
d12827433,1.0
d5980445,1.0
d7626464,1.0
d5122717,
d4768212,1.0
d9823373,
d11863778,7.0
d11841903,8.0
d13200450,4.0
d12883439,2.0
d12903965,3.0
d8841968,5.0
d12246247,15.0
d9604677,2.0
d11651830,1.0
d12946086,
d13298844,17.0
d12826225,1.0
d3598499,1.0
d12320180,4.0
d12336951,
d2517894,2.0
d1044100,1.0
d5828805,
d12976363,22.0
d10319803,2.0
d12533808,4.0
d8763528,1.0
d7279200,1.0
d7887289,2.0
d9562457,1.0
d10026656,1.0
d12952495,8.0
d11538644,1.0
d13202060,3.0
d10733092,5.0
d12936195,2.0
d2084899,3.0
d13001052,12.0
d12156192,1.0
d8338619,2.0
d10624285,5.0
d7171660,1.0
d4268632,1.0
d7591721,1.0
d13220030,4.0
d12788115,3.0
d13232007,3.0
d13415332,2.0
d7277870,1.0
d10713299,9.0
d5791721,3.0
d12411211,20.0
d3975204,1.0
d12081488,2.0
d10396602,2.0
d5487134,2.0
d12728105,3.0
d7124116,5.0
d12682862,5.0
d13448140,7.0
d12512061,10.0
d1077859,1.0
d13185579,34.0
d12995096,
d9873529,3.0
d1081031,1.0
d1337116,1.0
d5969402,3.0
d5796579,3.0
d9726072,1.0
d1381912,1.0
d12946830,2.0
d10470924,
d12066507,1.0
d8338555,1.0
d12050622,
d12575804,3.0
d7124442,3.0
d12965944,7.0
d11828719,
d11666944,
d12881164,2.0
d12535728,8.0
d9735838,2.0
d11873792,
d1039266,1.0
d5220150,
d10058514,1.0
d12556427,1.0
d2569217,1.0
d8408390,1.0
d2393764,1.0
d6782102,1.0
d1317102,1.0
d5558249,2.0
d10153493,
d12457922,5.0
d1035211,1.0
d10464588,2.0
d12992755,22.0
d3199333,1.0
d5877986,1.0
d8448848,1.0
d10145743,33.0
d12670446,1.0
d4768736,7.0
d1563747,1.0
d8796653,1.0
d10795713,2.0
d3964087,1.0
d5961438,
d13344437,1.0
d12326267,1.0
d5818982,
d13171768,12.0
d3843048,1.0
d2307872,2.0
d5018865,2.0
d5506152,1.0
d12911584,1.0
d7123804,1.0
d7209037,1.0
d10799309,1.0
d12800119,5.0
d7123681,1.0
d12556914,6.0
d12458656,8.0
d12897344,22.0
d1044849,
d8490343,
d12146470,11.0
d5815636,
d12928932,12.0
d5823951,2.0
d7078322,
d4801159,2.0
d8744858,7.0
d10820096,3.0
d2346485,1.0
d7210334,1.0
d7124068,1.0
d5870318,2.0
d12964475,2.0
d12932899,7.0
d6073421,1.0
d801581,
d8712859,1.0
d1044990,1.0
d12017002,1.0
d4062112,1.0
d12143420,1.0
d12950931,24.0
d13206835,245.0
d12794736,14.0
d12351897,4.0
d11949038,5.0
d12106215,4.0
d11535662,2.0
d5443522,
d1044296,
d10485659,2.0
d11822289,1.0
d12153665,
d10379496,1.0
d1039192,1.0
d7352562,1.0
d695915,3.0
d10693216,17.0
d4835368,4.0
d5603997,1.0
d12535509,6.0
d13100274,43.0
d12188784,1.0
d13312169,3.0
d11695375,2.0
d7803007,1.0
d11814236,4.0
d12929803,9.0
d2652010,1.0
d13149443,
d8562181,3.0
d7690640,1.0
d8297517,16.0
d2670859,
d13388959,11.0
d1044949,1.0
d10332757,1.0
d12124975,
d5796309,3.0
d8133272,1.0
d8341278,1.0
d12866345,37.0
d12636858,5.0
d11890705,
d12879264,2.0
d11846928,1.0
d10229509,1.0
d13072321,1.0
d6762508,1.0
d13457625,1.0
d11888735,10.0
d13164602,7.0
d11913689,1.0
d715469,1.0
d10509783,
d12950507,6.0
d10507284,
d12998100,4.0
d8119726,2.0
d10520118,4.0
d12877197,1.0
d8274224,1.0
d12402367,3.0
d9778647,
d12690564,6.0
d12880646,1.0
d13313833,15.0
d12996273,8.0
d4770037,2.0
d12273000,5.0
d4768133,1.0
d12300241,3.0
d12097020,1.0
d5122686,4.0
d12856591,13.0
d2616613,1.0
d959188,1.0
d13074002,3.0
d12100345,3.0
d7720040,1.0
d7652022,
d12219387,3.0
d8068545,1.0
d10664008,2.0
d11544046,1.0
d11956134,
d12870847,9.0
d12175056,9.0
d8339936,4.0
d12967849,8.0
d12952483,8.0
d11801250,2.0
d12691064,
d9711131,2.0
d4770266,2.0
d12129922,1.0
d12217591,12.0
d4283122,4.0
d13093490,1.0
d5778793,
d5775967,
d5122707,1.0
d10832499,1.0
d7953129,2.0
d5796154,
d5873511,
d4476672,1.0
d4724873,1.0
d7938911,
d12596770,8.0
d8425174,1.0
d8693312,1.0
d12709311,6.0
d8298503,2.0
d4288479,1.0
d11956707,2.0
d12657458,3.0
d11921386,
d13130027,7.0
d10810171,2.0
d13275208,4.0
d12515422,2.0
d12789880,
d4589114,1.0
d13143590,18.0
d3487002,1.0
d5220188,
d2307390,1.0
d8154698,3.0
d12709307,19.0
d2250031,2.0
d10624889,1.0
d10388502,1.0
d5815452,
d13205768,5.0
d7133705,1.0
d10357352,
d4149308,
d11872400,4.0
d12320872,4.0
d12907065,5.0
d6706687,1.0
d12435635,3.0
d5519500,1.0
d9746789,
d4221365,
d696297,1.0
d694814,1.0
d13326979,26.0
d8339589,1.0
d5870795,1.0
d4768263,1.0
d8362971,1.0
d12909690,4.0
d12255465,
d5106382,1.0
d12953611,2.0
d5828140,1.0
d12936963,1.0
d11867679,8.0
d1044962,1.0
d12833748,3.0
d3332989,1.0
d13003250,3.0
d5771357,1.0
d13313752,36.0
d8703632,1.0
d7254739,2.0
d1354453,
d7382802,1.0
d10744724,
d1408549,1.0
d5583309,4.0
d5581136,3.0
d12006243,
d12187875,1.0
d10666998,1.0
d7123346,
d940947,1.0
d13277444,13.0
d12697222,13.0
d5811130,
d7676066,1.0
d10497174,1.0
d2703121,1.0
d12175666,
d13094271,1.0
d12059608,4.0
d5852565,
d12869413,1.0
d11626474,2.0
d13164810,3.0
d13197317,3.0
d5795153,2.0
d997823,2.0
d11966514,6.0
d12879684,18.0
d8029222,1.0
d11961472,10.0
d5956522,
d10746369,
d8390631,1.0
d12800464,6.0
d12898247,7.0
d10357544,3.0
d1319946,1.0
d13198239,6.0
d11502865,10.0
d6919510,1.0
d8604033,
d8749016,1.0
d1357533,1.0
d11868454,2.0
d8262987,
d10751303,1.0
d7083169,1.0
d12541465,7.0
d10462754,1.0
d1787835,1.0
d8685190,1.0
d12860819,3.0
d946775,1.0
d10148398,1.0
d697500,1.0
d743866,2.0
d12926423,2.0
d1035465,1.0
d5220185,1.0
d12937856,58.0
d10133942,3.0
d12513598,4.0
d12957208,1.0
d8762863,1.0
d12896616,8.0
d11705415,
d11894290,1.0
d5122244,1.0
d5852779,
d11777712,1.0
d12712759,1.0
d812144,1.0
d12910175,1.0
d12956476,6.0
d6153178,
d8822412,3.0
d11833215,1.0
d4604142,5.0
d12180458,3.0
d12922691,1.0
d4769756,4.0
d12864902,1.0
d10767916,1.0
d11701818,5.0
d13322757,140.0
d10747371,1.0
d4913048,4.0
d5531945,
d11855407,1.0
d12712586,2.0
d7706932,1.0
d13043231,23.0
d4039105,3.0
d8095702,1.0
d5936380,4.0
d5267530,1.0
d13009015,10.0
d13004500,6.0
d11837208,1.0
d8608082,
d13323427,3.0
d13195827,1.0
d8610876,2.0
d12460100,5.0
d8118112,1.0
d4431365,1.0
d7124200,1.0
d8828412,2.0
d7124532,1.0
d2228677,1.0
d12950787,2.0
d11962282,2.0
d5852162,1.0
d8527701,3.0
d1330611,
d5873310,3.0
d4756628,1.0
d10067438,3.0
d5426896,
d12571184,8.0
d10390319,1.0
d8359606,1.0
d12871676,2.0
d9810491,1.0
d12624396,9.0
d743851,1.0
d5799567,
d8411400,2.0
d13495398,3.0
d8795858,1.0
d13171238,24.0
d13290215,2.0
d12786547,522.0
d12435032,1.0
d8713169,
d12731449,2.0
d10071725,5.0
d10911068,3.0
d12034951,2.0
d12714194,11.0
d5617536,1.0
d12248319,5.0
d13190651,29.0
d12595171,1.0
d10347526,1.0
d12317826,
d13161118,2.0
d5823765,3.0
d5957383,
d12839942,3.0
d12477034,5.0
d13001795,5.0
d10661927,7.0
d4293735,2.0
d12881093,14.0
d12284452,1.0
d6715817,1.0
d11929313,1.0
d12874438,5.0
d11876499,1.0
d4605073,1.0
d10372360,6.0
d13327886,13.0
d4058102,1.0
d5433577,2.0
d1420098,
d12661577,1.0
d1328187,1.0
d958688,
d7657936,1.0
d2014210,1.0
d7811548,4.0
d12638698,12.0
d12864798,5.0
d12967421,1.0
d7246429,1.0
d13289889,18.0
d13296673,2.0
d10483652,1.0
d3516208,1.0
d5826148,
d3532804,
d13224877,8.0
d10480192,3.0
d8842283,4.0
d11882314,4.0
d2311079,1.0
d8338515,1.0
d6585847,1.0
d1125188,1.0
d1018608,1.0
d4770118,1.0
d5936326,
d12339205,71.0
d10020878,3.0
d5506626,
d12660221,9.0
d12945991,
d5443482,
d12431270,2.0
d5863935,
d12613463,1.0
d11850092,4.0
d13091113,3.0
d12532906,1.0
d13160451,
d3613475,1.0
d5958950,2.0
d4770268,1.0
d7622665,24.0
d1413421,2.0
d13283803,5.0
d5957522,1.0
d7788524,1.0
d13075641,1.0
d5522556,2.0
d10512217,1.0
d3560914,2.0
d2211730,1.0
d5860218,2.0
d12430695,1.0
d12872582,1.0
d4768148,3.0
d4912313,
d11657387,2.0
d4114663,1.0
d11691267,2.0
d7124520,2.0
d12121063,
d7622336,1.0
d12814377,1.0
d7124228,1.0
d13061627,
d12904171,1.0
d11827955,14.0
d13122472,377.0
d9587011,2.0
d11734083,11.0
d12512213,4.0
d13197973,51.0
d7649071,4.0
d13331672,18.0
d10813618,7.0
d12593559,
d784855,1.0
d997436,1.0
d13273661,3.0
d7599095,1.0
d12546317,1.0
d12207476,1.0
d13183671,64.0
d3542011,1.0
d12447935,6.0
d5976508,2.0
d13100127,15.0
d1081683,1.0
d10802051,1.0
d5489152,
d8814420,1.0
d12977288,
d793376,1.0
d12981295,3.0
d12182212,1.0
d7761701,
d5550626,1.0
